lon,lat,sequence,reading
-124.19708,48.87196,AAATGTGTCCTCTACCATAAAGGTATCCGT,0.97
-124.19518,48.87198,AAATGTGTCCTCTACCATAAAGGTCTCCGT,4.54
-124.19769,48.87228,AAATGTGTCCTCTACCATAAAGGTGTCCGT,0.82
-124.19783,48.8721,AAATGTGTCCTCTACCATCAAGGTGTCCGT,0.58
-124.1985,48.87299,AAATGTGTCCTCTACCATGAAGGTATCCGT,0.71
-124.19735,48.87156,AAATGTGTCCTCTACCATGAAGGTATCCGT,0.74
-124.1989,48.87294,AAATGTGTCCTCTACCATGAAGGTGTCCGT,0.52
-124.19703,48.87239,AAATGTGTCCTCTACCATTAAGGTCTCCGT,0.53
-124.19697,48.87267,AAATGTGTCCTCTACCATTAAGGTCTCCGT,0.52
-124.19803,48.87312,AAATGTGTCCTCTACCATTAAGGTCTCCGT,0.6
-124.197,48.87249,AAATGTGTCCTCTACCATTAAGGTGTCCGT,0.51
-124.19836,48.87278,AAATGTGTCCTCTACCATTAAGGTGTCCGT,0.8
-124.19552,48.87309,AAATGTGTCCTCTACCATTAAGGTGTCCGT,0.82
-124.19548,48.87204,AAATGTGTCCTCTACCATTAAGGTGTCCGT,0.54
-124.19598,48.87197,AAATGTGTCCTCTACCATTAAGGTGTCCGT,0.72
-124.19765,48.87236,AAATGTGTCCTCTACCATTAAGGTGTCCGT,0.61
-124.19777,48.87291,AAATGTGTCCTCTACCATTAAGGTGTCCGT,0.71
-124.19793,48.87323,AAATGTGTCCTCTACCATTAAGGTGTCCGT,0.82
-124.19641,48.87146,AAATGTGTCCTCTACCATTAAGGTTTCCTT,0.52
-124.1974,48.8729,AACTGTGTCCTCTACCATAAAGGTCTCCGT,1.21
-124.19839,48.87346,AACTGTGTCCTCTACCATAAAGGTGTCCGT,2.93
-124.1989,48.87274,AACTGTGTCCTCTACCATAAAGGTGTCCGT,1.11
-124.197,48.87302,AACTGTGTCCTCTACCATAAAGGTGTCCGT,2.2
-124.19605,48.87295,AACTGTGTCCTCTACCATCAAGGTTTCCGT,0.72
-124.19784,48.87293,AACTGTGTCCTCTACCATGAAGGTATCCGT,0.63
-124.19752,48.87163,AACTGTGTCCTCTACCATGAAGGTGTCCGT,0.84
-124.1972,48.87256,AACTGTGTCCTCTACCATGAAGGTGTCCGT,0.51
-124.1982,48.87275,AACTGTGTCCTCTACCATGAAGGTGTCCGT,0.77
-124.19658,48.87233,AACTGTGTCCTCTACCATGAAGGTTTCCGT,0.62
-124.19636,48.872,AACTGTGTCCTCTACCATGAAGGTTTCCGT,0.72
-124.1979,48.87222,AACTGTGTCCTCTACCATGAAGGTTTCCGT,0.55
-124.19683,48.8735,AACTGTGTCCTCTACCATTAAGGTATCCGT,0.87
-124.19729,48.87207,AACTGTGTCCTCTACCATTAAGGTATCCGT,0.54
-124.19712,48.87246,AACTGTGTCCTCTACCATTAAGGTCTCCGT,0.51
-124.19696,48.87361,AACTGTGTCCTCTACCATTAAGGTCTCCGT,0.76
-124.19793,48.87233,AACTGTGTCCTCTACCATTAAGGTCTCCGT,0.53
-124.19548,48.87334,AACTGTGTCCTCTACCATTAAGGTGTCCGT,0.74
-124.19627,48.87375,AACTGTGTCCTCTACCATTAAGGTGTCCGT,0.85
-124.19747,48.87197,AACTGTGTCCTCTACCATTAAGGTGTCCGT,0.61
-124.19576,48.87268,AACTGTGTCCTCTACCATTAAGGTGTCCGT,0.59
-124.19604,48.87365,AACTGTGTCCTCTACCATTAAGGTGTCCGT,0.94
-124.19601,48.87317,AACTGTGTCCTCTACCATTAAGGTGTCCGT,0.8
-124.19622,48.87195,AACTGTGTCCTCTACCATTAAGGTGTCCGT,0.71
-124.19701,48.87279,AACTGTGTCCTCTACCATTAAGGTGTCCGT,0.58
-124.19559,48.87252,AACTGTGTCCTGTACCATGAAGGTGTCCGT,0.8
-124.19605,48.87175,AAGAGTGTCCTCTACCATTAAGGTCTCCGT,0.84
-124.19654,48.87214,AAGTGTGTCCCCTACCATCAAGGTGTCCGT,0.56
-124.1971,48.87238,AAGTGTGTCCTCTACCATAAAGGTATCCGT,0.9
-124.19621,48.87171,AAGTGTGTCCTCTACCATAAAGGTATCCGT,2.86
-124.19698,48.8725,AAGTGTGTCCTCTACCATAAAGGTCTCCGT,0.54
-124.19585,48.87271,AAGTGTGTCCTCTACCATAAAGGTCTCCGT,1.2
-124.1974,48.87278,AAGTGTGTCCTCTACCATAAAGGTCTCCGT,1.47
-124.19744,48.87276,AAGTGTGTCCTCTACCATAAAGGTCTCCGT,1.59
-124.19835,48.8728,AAGTGTGTCCTCTACCATAAAGGTCTCCGT,3.21
-124.19876,48.87228,AAGTGTGTCCTCTACCATAAAGGTCTCCGT,3.51
-124.19875,48.87193,AAGTGTGTCCTCTACCATAAAGGTGTCCAT,4.69
-124.19554,48.87209,AAGTGTGTCCTCTACCATAAAGGTGTCCGT,0.68
-124.19673,48.87171,AAGTGTGTCCTCTACCATAAAGGTGTCCGT,1.45
-124.19754,48.87268,AAGTGTGTCCTCTACCATAAAGGTGTCCGT,0.67
-124.19772,48.87249,AAGTGTGTCCTCTACCATAAAGGTGTCCGT,1.83
-124.1957,48.87196,AAGTGTGTCCTCTACCATAAAGGTGTCCGT,1.71
-124.19651,48.87291,AAGTGTGTCCTCTACCATAAAGGTGTCCGT,2.05
-124.19708,48.87175,AAGTGTGTCCTCTACCATAAAGGTGTCCGT,1.82
-124.19628,48.87237,AAGTGTGTCCTCTACCATAAAGGTGTCCGT,0.62
-124.19751,48.87262,AAGTGTGTCCTCTACCATAAAGGTGTCCGT,0.5
-124.19734,48.873,AAGTGTGTCCTCTACCATAAAGGTGTCCGT,2.29
-124.1961,48.87186,AAGTGTGTCCTCTACCATAAAGGTGTCCGT,1.17
-124.1961,48.87236,AAGTGTGTCCTCTACCATAAAGGTGTCCGT,2.4
-124.1971,48.87273,AAGTGTGTCCTCTACCATAAAGGTGTCCGT,1.14
-124.19705,48.87255,AAGTGTGTCCTCTACCATAAAGGTGTCCGT,0.62
-124.19589,48.87356,AAGTGTGTCCTCTACCATAAAGGTGTCCGT,4.75
-124.19674,48.87244,AAGTGTGTCCTCTACCATAAAGGTGTCCGT,0.82
-124.19643,48.87291,AAGTGTGTCCTCTACCATAAAGGTGTCCGT,1.42
-124.19662,48.87247,AAGTGTGTCCTCTACCATAAAGGTGTCCGT,0.72
-124.19893,48.87208,AAGTGTGTCCTCTACCATAAAGGTGTCCGT,1.07
-124.19757,48.87176,AAGTGTGTCCTCTACCATAAAGGTGTCCGT,3.6
-124.19694,48.87258,AAGTGTGTCCTCTACCATAAAGGTGTCCGT,0.7
-124.19755,48.87227,AAGTGTGTCCTCTACCATAAAGGTTTCCGT,1.69
-124.19708,48.87273,AAGTGTGTCCTCTACCATAAAGGTTTCCGT,1.05
-124.1968,48.87355,AAGTGTGTCCTCTACCATAAAGGTTTCCGT,4.23
-124.19726,48.87178,AAGTGTGTCCTCTACCATAAAGGTTTCCGT,1.54
-124.19613,48.87294,AAGTGTGTCCTCTACCATAAAGGTTTCCGT,2.33
-124.19703,48.87298,AAGTGTGTCCTCTACCATCAAGGTATCCGT,0.5
-124.19744,48.87145,AAGTGTGTCCTCTACCATCAAGGTATCCGT,0.54
-124.19832,48.87348,AAGTGTGTCCTCTACCATCAAGGTCTCCGT,0.64
-124.19717,48.87234,AAGTGTGTCCTCTACCATCAAGGTGTCCGT,0.51
-124.19803,48.87251,AAGTGTGTCCTCTACCATCAAGGTGTCCGT,0.58
-124.19619,48.87213,AAGTGTGTCCTCTACCATCAAGGTGTCCGT,0.56
-124.19656,48.87249,AAGTGTGTCCTCTACCATCAAGGTGTCCGT,0.55
-124.19797,48.87211,AAGTGTGTCCTCTACCATCAAGGTTTCCGT,0.68
-124.19789,48.87143,AAGTGTGTCCTCTACCATCAAGGTTTCCGT,0.82
-124.19734,48.87243,AAGTGTGTCCTCTACCATGAAGGTATCCGT,0.58
-124.19674,48.87255,AAGTGTGTCCTCTACCATGAAGGTATCCGT,0.55
-124.19509,48.87248,AAGTGTGTCCTCTACCATGAAGGTCTCCGT,0.52
-124.19598,48.87174,AAGTGTGTCCTCTACCATGAAGGTCTCCGT,0.66
-124.19609,48.87181,AAGTGTGTCCTCTACCATGAAGGTCTCCGT,0.61
-124.19664,48.87125,AAGTGTGTCCTCTACCATGAAGGTGTCCGT,0.68
-124.19663,48.87259,AAGTGTGTCCTCTACCATGAAGGTGTCCGT,0.56
-124.19589,48.87337,AAGTGTGTCCTCTACCATGAAGGTGTCCGT,0.78
-124.19693,48.87239,AAGTGTGTCCTCTACCATGAAGGTGTCCGT,0.52
-124.19684,48.87263,AAGTGTGTCCTCTACCATGAAGGTGTCCGT,0.54
-124.19734,48.87201,AAGTGTGTCCTCTACCATGAAGGTGTCCGT,0.69
-124.19827,48.87176,AAGTGTGTCCTCTACCATGAAGGTGTCCGT,0.81
-124.19702,48.87287,AAGTGTGTCCTCTACCATGAAGGTTTCCGT,0.52
-124.19719,48.87268,AAGTGTGTCCTCTACCATGAAGGTTTCCGT,0.57
-124.19688,48.87268,AAGTGTGTCCTCTACCATTAAGGTATCCGT,0.5
-124.19778,48.87167,AAGTGTGTCCTCTACCATTAAGGTATCCGT,0.62
-124.19623,48.87172,AAGTGTGTCCTCTACCATTAAGGTATCCGT,0.68
-124.19736,48.87375,AAGTGTGTCCTCTACCATTAAGGTATCCGT,0.9
-124.19655,48.87225,AAGTGTGTCCTCTACCATTAAGGTATCCGT,0.58
-124.19545,48.87282,AAGTGTGTCCTCTACCATTAAGGTATCCGT,0.6
-124.19809,48.87352,AAGTGTGTCCTCTACCATTAAGGTATCCGT,0.69
-124.1978,48.87301,AAGTGTGTCCTCTACCATTAAGGTCTCCGT,0.61
-124.19726,48.87212,AAGTGTGTCCTCTACCATTAAGGTCTCCGT,0.55
-124.19744,48.87209,AAGTGTGTCCTCTACCATTAAGGTCTCCGT,0.54
-124.19713,48.87365,AAGTGTGTCCTCTACCATTAAGGTCTCCGT,0.72
-124.19625,48.87263,AAGTGTGTCCTCTACCATTAAGGTCTCCGT,0.58
-124.19797,48.87261,AAGTGTGTCCTCTACCATTAAGGTGTCCGT,0.71
-124.19709,48.873,AAGTGTGTCCTCTACCATTAAGGTGTCCGT,0.6
-124.19639,48.8728,AAGTGTGTCCTCTACCATTAAGGTGTCCGT,0.65
-124.1964,48.87194,AAGTGTGTCCTCTACCATTAAGGTGTCCGT,0.51
-124.19734,48.87279,AAGTGTGTCCTCTACCATTAAGGTGTCCGT,0.56
-124.19718,48.87271,AAGTGTGTCCTCTACCATTAAGGTGTCCGT,0.52
-124.19901,48.87246,AAGTGTGTCCTCTACCATTAAGGTGTCCGT,0.69
-124.19897,48.87227,AAGTGTGTCCTCTACCATTAAGGTGTCCGT,0.7
-124.19631,48.87338,AAGTGTGTCCTCTACCATTAAGGTGTCCGT,0.76
-124.19752,48.87239,AAGTGTGTCCTCTACCATTAAGGTGTCCGT,0.51
-124.19806,48.87243,AAGTGTGTCCTCTACCATTAAGGTGTCCGT,0.63
-124.19836,48.8723,AAGTGTGTCCTCTACCATTAAGGTGTCCGT,0.74
-124.19854,48.87164,AAGTGTGTCCTCTACCATTAAGGTGTCCGT,0.98
-124.19778,48.87219,AAGTGTGTCCTCTACCATTAAGGTGTCCGT,0.55
-124.19717,48.87286,AAGTGTGTCCTCTACCATTAAGGTGTCCGT,0.59
-124.19693,48.87235,AAGTGTGTCCTCTACCATTAAGGTGTCCGT,0.5
-124.19816,48.87184,AAGTGTGTCCTCTACCATTAAGGTGTCCGT,0.76
-124.19499,48.87236,AAGTGTGTCCTCTACCATTAAGGTGTCCGT,0.58
-124.19588,48.87259,AAGTGTGTCCTCTACCATTAAGGTGTCCGT,0.68
-124.19717,48.87261,AAGTGTGTCCTCTACCATTAAGGTGTCCGT,0.55
-124.1971,48.87242,AAGTGTGTCCTCTACCATTAAGGTGTCCGT,0.53
-124.19694,48.87243,AAGTGTGTCCTCTACCATTAAGGTGTCCGT,0.53
-124.19562,48.87302,AAGTGTGTCCTCTACCATTAAGGTTTCCGT,0.65
-124.19862,48.8731,AAGTGTGTCCTCTACCATTAAGGTTTCCGT,0.74
-124.19689,48.87241,AAGTGTGTCCTCTACCATTAAGGTTTCCGT,0.5
-124.19724,48.8716,AAGTGTGTCCTCTACCATTAAGGTTTCCGT,0.68
-124.1977,48.87366,AAGTGTGTCCTCTACCATTAAGGTTTCCGT,0.67
-124.19801,48.87303,AAGTGTGTCCTCTACCATTGAGGTATCCGT,0.6
-124.19621,48.87331,AAGTGTGTCCTCTACCCTCAAGGTGTCCGT,0.75
-124.19707,48.87244,AATTGTGTCCTCTACCATAAAGGTATCCGT,0.51
-124.19748,48.87163,AATTGTGTCCTCTACCATAAAGGTATCCGT,1.8
-124.19582,48.87261,AATTGTGTCCTCTACCATAAAGGTCTCCGT,0.6
-124.19717,48.87249,AATTGTGTCCTCTACCATAAAGGTCTCCGT,0.8
-124.19728,48.87267,AATTGTGTCCTCTACCATAAAGGTCTCCGT,0.68
-124.19621,48.87267,AATTGTGTCCTCTACCATAAAGGTGTCCGT,0.97
-124.19665,48.8725,AATTGTGTCCTCTACCATAAAGGTGTCCGT,0.85
-124.19723,48.87122,AATTGTGTCCTCTACCATAAAGGTGTCCGT,2.26
-124.19689,48.87344,AATTGTGTCCTCTACCATAAAGGTGTCCGT,1.31
-124.19693,48.87241,AATTGTGTCCTCTACCATAAAGGTGTCCGT,0.59
-124.19706,48.87189,AATTGTGTCCTCTACCATAAAGGTGTCCGT,0.67
-124.1958,48.87353,AATTGTGTCCTCTACCATAAAGGTGTCCGT,5.08
-124.19718,48.87119,AATTGTGTCCTCTACCATAAAGGTTTCCGT,1.07
-124.19776,48.87307,AATTGTGTCCTCTACCATAAAGGTTTCCGT,3.24
-124.19679,48.87253,AATTGTGTCCTCTACCATAAAGGTTTCCGT,0.86
-124.19772,48.87126,AATTGTGTCCTCTACCATCAAGGTCTCCGT,0.69
-124.19868,48.8727,AATTGTGTCCTCTACCATCAAGGTGTCCGT,0.83
-124.19717,48.87238,AATTGTGTCCTCTACCATCAAGGTGTCCGT,0.56
-124.19641,48.87236,AATTGTGTCCTCTACCATCAAGGTGTCCGT,0.59
-124.19841,48.87251,AATTGTGTCCTCTACCATCAAGGTTTCCGT,0.83
-124.19686,48.87337,AATTGTGTCCTCTACCATGAAGGTATCCGT,0.78
-124.1988,48.87234,AATTGTGTCCTCTACCATGAAGGTATCCGT,0.62
-124.19639,48.87304,AATTGTGTCCTCTACCATGAAGGTCTCCGT,0.7
-124.1968,48.87244,AATTGTGTCCTCTACCATGAAGGTGTCCGT,0.55
-124.19702,48.87307,AATTGTGTCCTCTACCATGAAGGTGTCCGT,0.67
-124.19637,48.87163,AATTGTGTCCTCTACCATGAAGGTTTCCGT,0.72
-124.19698,48.87303,AATTGTGTCCTCTACCATGAAGGTTTCCGT,0.51
-124.19631,48.87365,AATTGTGTCCTCTACCATTAACGTCTCCGT,0.86
-124.19704,48.8724,AATTGTGTCCTCTACCATTAAGGTATCCGT,0.53
-124.19853,48.87256,AATTGTGTCCTCTACCATTAAGGTATCCGT,0.73
-124.19564,48.87168,AATTGTGTCCTCTACCATTAAGGTCTCCGT,0.58
-124.19756,48.87233,AATTGTGTCCTCTACCATTAAGGTCTCCGT,0.55
-124.19533,48.87306,AATTGTGTCCTCTACCATTAAGGTCTCCGT,0.77
-124.19654,48.87352,AATTGTGTCCTCTACCATTAAGGTCTCCGT,0.74
-124.19695,48.87252,AATTGTGTCCTCTACCATTAAGGTCTCCGT,0.51
-124.19565,48.87289,AATTGTGTCCTCTACCATTAAGGTCTCCGT,0.6
-124.19714,48.87232,AATTGTGTCCTCTACCATTAAGGTGTCCGT,0.57
-124.1963,48.87349,AATTGTGTCCTCTACCATTAAGGTGTCCGT,0.52
-124.19722,48.87139,AATTGTGTCCTCTACCATTAAGGTGTCCGT,0.61
-124.19685,48.87243,AATTGTGTCCTCTACCATTAAGGTGTCCGT,0.51
-124.1964,48.87355,AATTGTGTCCTCTACCATTAAGGTGTCCGT,0.86
-124.19573,48.87167,AATTGTGTCCTCTACCATTAAGGTGTCCGT,0.75
-124.19799,48.87151,AATTGTGTCCTCTACCATTAAGGTGTCCGT,0.51
-124.19671,48.87185,AATTGTGTCCTCTACCATTAAGGTGTCCGT,0.71
-124.19633,48.87287,AATTGTGTCCTCTACCATTAAGGTGTCCGT,0.53
-124.19677,48.87228,AATTGTGTCCTCTACCATTAAGGTGTCCGT,0.52
-124.19749,48.8728,AATTGTGTCCTCTACCATTAAGGTGTCCGT,0.57
-124.19631,48.87215,AATTGTGTCCTCTACCATTAAGGTGTCCGT,0.54
-124.19811,48.87316,AATTGTGTCCTCTACCATTAAGGTTTCCGT,0.54
-124.19806,48.87221,AATTGTGTCCTCTACCATTAAGGTTTCCGT,0.76
-124.19522,48.87294,AATTGTGTCCTCTACCATTAAGGTTTCCGT,0.92
-124.1975,48.87184,AATTGTGTCCTCTCCCATCAAGGTCTCCGT,0.55
-124.19744,48.87312,AATTGTGTCCTCTCCCATCAAGGTCTCCGT,0.51
-124.19722,48.87269,ACTTGTGTCCTCTACCATAAAGGTCTCCGT,0.67
